{"cameraMode":{"drawMode":0,"name":"Shaded","section":"Shading Mode"},"sceneLighting":true,"audioPlay":false,"sceneViewState":{"m_AlwaysRefresh":false,"showFog":true,"showSkybox":true,"showFlares":true,"showImageEffects":true,"showParticleSystems":true,"showVisualEffectGraphs":true,"m_FxEnabled":true},"in2DMode":false,"pivot":{"x":-13.15695571899414,"y":-25.359878540039064,"z":19.273805618286134},"rotation":{"x":-0.38252177834510805,"y":0.27619582414627077,"z":-0.12098555266857147,"w":-0.8733983039855957},"size":19.20812225341797,"orthographic":false}